{
  "multipart": [
    {
      "apply": {
        "model": "ae2:block/controller/controller_block_offline"
      },
      "when": {
        "state": "offline",
        "type": "block"
      }
    },
    {
      "apply": {
        "model": "ae2:block/controller/controller_block_online"
      },
      "when": {
        "state": "online",
        "type": "block"
      }
    },
    {
      "apply": {
        "model": "ae2:block/controller/controller_block_conflicted"
      },
      "when": {
        "state": "conflicted",
        "type": "block"
      }
    },
    {
      "apply": {
        "model": "ae2:block/controller/controller_horiztonal_x_offline"
      },
      "when": {
        "state": "offline",
        "type": "column_x"
      }
    },
    {
      "apply": {
        "model": "ae2:block/controller/controller_vertical_offline"
      },
      "when": {
        "state": "offline",
        "type": "column_y"
      }
    },
    {
      "apply": {
        "model": "ae2:block/controller/controller_horiztonal_z_offline"
      },
      "when": {
        "state": "offline",
        "type": "column_z"
      }
    },
    {
      "apply": {
        "model": "ae2:block/controller/controller_horiztonal_x_online"
      },
      "when": {
        "state": "online",
        "type": "column_x"
      }
    },
    {
      "apply": {
        "model": "ae2:block/controller/controller_vertical_online"
      },
      "when": {
        "state": "online",
        "type": "column_y"
      }
    },
    {
      "apply": {
        "model": "ae2:block/controller/controller_horiztonal_z_online"
      },
      "when": {
        "state": "online",
        "type": "column_z"
      }
    },
    {
      "apply": {
        "model": "ae2:block/controller/controller_horiztonal_x_conflicted"
      },
      "when": {
        "state": "conflicted",
        "type": "column_x"
      }
    },
    {
      "apply": {
        "model": "ae2:block/controller/controller_vertical_conflicted"
      },
      "when": {
        "state": "conflicted",
        "type": "column_y"
      }
    },
    {
      "apply": {
        "model": "ae2:block/controller/controller_horiztonal_z_conflicted"
      },
      "when": {
        "state": "conflicted",
        "type": "column_z"
      }
    },
    {
      "apply": {
        "model": "ae2:block/controller/inside_controller_block_offline"
      },
      "when": {
        "state": "offline",
        "type": "inside_a"
      }
    },
    {
      "apply": {
        "model": "ae2:block/controller/inside_controller_block_offline"
      },
      "when": {
        "state": "offline",
        "type": "inside_b"
      }
    },
    {
      "apply": {
        "model": "ae2:block/controller/inside_controller_block_online"
      },
      "when": {
        "state": "online",
        "type": "inside_a"
      }
    },
    {
      "apply": {
        "model": "ae2:block/controller/inside_controller_block_online"
      },
      "when": {
        "state": "online",
        "type": "inside_b"
      }
    },
    {
      "apply": {
        "model": "ae2:block/controller/inside_controller_block_conflicted"
      },
      "when": {
        "state": "conflicted",
        "type": "inside_a"
      }
    },
    {
      "apply": {
        "model": "ae2:block/controller/inside_controller_block_conflicted"
      },
      "when": {
        "state": "conflicted",
        "type": "inside_b"
      }
    }
  ]
}
