{
	"credit": "Made with Blockbench",
	"ambientocclusion": false,
	"textures": {
		"cell": "ae2:block/drive/cells/default_cell"
	},
	"elements": [
		{
			"name": "Cell Backdrop",
			"from": [0, 0, 0],
			"to": [6, 2, 2],
			"rotation": {"angle": 0, "axis": "y", "origin": [9, 8, 8]},
			"faces": {
				"north": {"uv": [0, 2, 6, 4], "texture": "#cell", "cullface": "north"},
				"east": {"uv": [6, 2, 8, 4], "texture": "#cell", "cullface": "north"},
				"west": {"uv": [4, 2, 6, 4], "texture": "#cell", "cullface": "north"},
				"up": {"uv": [6, 2, 0, 4], "texture": "#cell", "cullface": "north"},
				"down": {"uv": [6, 2, 0, 4], "texture": "#cell", "cullface": "north"}
			}
		}
	]
}