{
	"credit": "Made with Blockbench",
	"parent": "block/orientable",
	"texture_size": [64, 64],
	"textures": {
		"3": "ae2:block/charger",
		"particle": "ae2:block/metal_top"
	},
	"elements": [
		{
			"from": [2, 0, 2],
			"to": [14, 3, 16],
			"rotation": {"angle": 0, "axis": "y", "origin": [8, 8, 8]},
			"faces": {
				"north": {"uv": [10.25, 11.25, 13.25, 12], "texture": "#3"},
				"east": {"uv": [8.75, 3.25, 12.25, 4], "texture": "#3"},
				"south": {"uv": [8.75, 7.25, 11.75, 8], "texture": "#3"},
				"west": {"uv": [12.5, 3.25, 16, 4], "texture": "#3"},
				"up": {"uv": [3, 3.5, 0, 0], "texture": "#3"},
				"down": {"uv": [6, 3.5, 3, 7], "texture": "#3"}
			}
		},
		{
			"from": [2, 13, 2],
			"to": [14, 16, 16],
			"rotation": {"angle": 0, "axis": "y", "origin": [8, 8, 8]},
			"faces": {
				"north": {"uv": [10.25, 8, 13.25, 8.75], "texture": "#3"},
				"east": {"uv": [8.75, 0, 12.25, 0.75], "texture": "#3"},
				"south": {"uv": [8.75, 4, 11.75, 4.75], "texture": "#3"},
				"west": {"uv": [12.5, 0, 16, 0.75], "texture": "#3"},
				"up": {"uv": [3, 7, 0, 3.5], "texture": "#3"},
				"down": {"uv": [6, 0, 3, 3.5], "texture": "#3"}
			}
		},
		{
			"from": [2, 3, 5],
			"to": [4, 13, 16],
			"rotation": {"angle": 0, "axis": "z", "origin": [8, 8, 8]},
			"faces": {
				"north": {"uv": [12.75, 8.75, 13.25, 11.25], "texture": "#3"},
				"east": {"uv": [7.5, 8.75, 10.25, 11.25], "texture": "#3"},
				"south": {"uv": [8.75, 4.75, 9.25, 7.25], "texture": "#3"},
				"west": {"uv": [13.25, 0.75, 16, 3.25], "texture": "#3"}
			}
		},
		{
			"from": [12, 3, 5],
			"to": [14, 13, 16],
			"rotation": {"angle": 0, "axis": "z", "origin": [8, 8, 8]},
			"faces": {
				"north": {"uv": [10.25, 8.75, 10.75, 11.25], "texture": "#3"},
				"east": {"uv": [8.75, 0.75, 11.5, 3.25], "texture": "#3"},
				"south": {"uv": [11.25, 4.75, 11.75, 7.25], "texture": "#3"},
				"west": {"uv": [13.25, 8.75, 16, 11.25], "texture": "#3"}
			}
		},
		{
			"from": [4, 3, 14],
			"to": [12, 13, 16],
			"rotation": {"angle": 0, "axis": "y", "origin": [8, 8, 8]},
			"faces": {
				"north": {"uv": [10.75, 8.75, 12.75, 11.25], "texture": "#3"},
				"south": {"uv": [9.25, 4.75, 11.25, 7.25], "texture": "#3"}
			}
		}
	],
	"display": {
		"thirdperson_righthand": {
			"rotation": [75, 45, 0],
			"translation": [0, 2.5, 0],
			"scale": [0.375, 0.375, 0.375]
		},
		"thirdperson_lefthand": {
			"rotation": [75, 45, 0],
			"translation": [0, 2.5, 0],
			"scale": [0.375, 0.375, 0.375]
		},
		"firstperson_righthand": {
			"rotation": [0, 45, 0],
			"scale": [0.4, 0.4, 0.4]
		},
		"firstperson_lefthand": {
			"rotation": [0, 225, 0],
			"scale": [0.4, 0.4, 0.4]
		},
		"ground": {
			"translation": [0, 3, 0],
			"scale": [0.25, 0.25, 0.25]
		},
		"gui": {
			"rotation": [30, 225, 0],
			"scale": [0.625, 0.625, 0.625]
		},
		"fixed": {
			"scale": [0.5, 0.5, 0.5]
		}
	}
}