{
	"credit": "Made with Blockbench",
	"parent": "minecraft:block/cube_all",
	"textures": {
		"0": "ae2:block/sky_stone_tank",
		"2": "ae2:block/sky_stone_tank_top",
		"3": "ae2:block/sky_stone_tank_bottom",
		"particle": "ae2:block/sky_stone_tank"
	},
	"elements": [
		{
			"from": [0, 0, 0],
			"to": [16, 16, 16],
			"rotation": {"angle": 0, "axis": "y", "origin": [8, 8, 8]},
			"faces": {
				"north": {"uv": [0, 0, 16, 16], "texture": "#0", "cullface": "north"},
				"east": {"uv": [0, 0, 16, 16], "texture": "#0", "cullface": "east"},
				"south": {"uv": [0, 0, 16, 16], "texture": "#0", "cullface": "south"},
				"west": {"uv": [0, 0, 16, 16], "texture": "#0", "cullface": "west"},
				"up": {"uv": [16, 16, 0, 0], "texture": "#2", "cullface": "up"},
				"down": {"uv": [16, 16, 0, 0], "texture": "#3", "cullface": "down"}
			}
		},
		{
			"from": [0, 15, 0],
			"to": [16, 15, 16],
			"rotation": {"angle": 0, "axis": "x", "origin": [8, 8, 8]},
			"faces": {
				"down": {"uv": [16, 0, 0, 16], "rotation": 180, "texture": "#3", "cullface": "up"}
			}
		},
		{
			"from": [0, 1, 0],
			"to": [16, 1, 16],
			"rotation": {"angle": 0, "axis": "x", "origin": [8, 8, 8]},
			"faces": {
				"up": {"uv": [16, 0, 0, 16], "rotation": 180, "texture": "#2", "cullface": "down"}
			}
		},
		{
			"from": [0, 0, 15],
			"to": [16, 16, 15],
			"rotation": {"angle": 0, "axis": "y", "origin": [8, 8, 8]},
			"faces": {
				"north": {"uv": [16, 0, 0, 16], "texture": "#0", "cullface": "south"}
			}
		},
		{
			"from": [0, 2, 15],
			"to": [16, 2, 16],
			"rotation": {"angle": 0, "axis": "y", "origin": [8, 10, 8]},
			"faces": {
				"up": {"uv": [16, 15, 0, 14], "rotation": 180, "texture": "#0", "cullface": "south"}
			}
		},
		{
			"from": [0, 3, 15],
			"to": [16, 3, 16],
			"rotation": {"angle": 0, "axis": "y", "origin": [8, 11, 8]},
			"faces": {
				"up": {"uv": [16, 14, 0, 13], "rotation": 180, "texture": "#0", "cullface": "south"}
			}
		},
		{
			"from": [0, 14, 15],
			"to": [16, 14, 16],
			"rotation": {"angle": 0, "axis": "y", "origin": [8, 6, 8]},
			"faces": {
				"down": {"uv": [0, 2, 16, 1], "texture": "#0"}
			}
		},
		{
			"from": [0, 13, 15],
			"to": [16, 13, 16],
			"rotation": {"angle": 0, "axis": "y", "origin": [8, 5, 8]},
			"faces": {
				"down": {"uv": [0, 3, 16, 2], "texture": "#0"}
			}
		},
		{
			"from": [14, 0, 15],
			"to": [14, 16, 16],
			"rotation": {"angle": 0, "axis": "y", "origin": [8, 8, 8]},
			"faces": {
				"west": {"uv": [1, 0, 0, 16], "texture": "#0", "cullface": "south"}
			}
		},
		{
			"from": [3, 0, 15],
			"to": [3, 16, 16],
			"rotation": {"angle": 0, "axis": "y", "origin": [8, 8, 8]},
			"faces": {
				"east": {"uv": [14, 0, 13, 16], "texture": "#0", "cullface": "south"}
			}
		},
		{
			"from": [12, 0, 15],
			"to": [12, 16, 16],
			"rotation": {"angle": 0, "axis": "y", "origin": [8, 8, 8]},
			"faces": {
				"west": {"uv": [2, 0, 1, 16], "texture": "#0", "cullface": "south"}
			}
		},
		{
			"from": [1, 0, 0],
			"to": [1, 16, 16],
			"rotation": {"angle": 0, "axis": "y", "origin": [8, 8, 8]},
			"faces": {
				"east": {"uv": [16, 0, 0, 16], "texture": "#0", "cullface": "west"}
			}
		},
		{
			"from": [0, 2, 0],
			"to": [1, 2, 16],
			"rotation": {"angle": 0, "axis": "y", "origin": [8, 10, 8]},
			"faces": {
				"up": {"uv": [16, 15, 0, 14], "rotation": 270, "texture": "#0", "cullface": "west"}
			}
		},
		{
			"from": [0, 3, 0],
			"to": [1, 3, 16],
			"rotation": {"angle": 0, "axis": "y", "origin": [8, 11, 8]},
			"faces": {
				"up": {"uv": [16, 14, 0, 13], "rotation": 270, "texture": "#0", "cullface": "west"}
			}
		},
		{
			"from": [0, 14, 0],
			"to": [1, 14, 16],
			"rotation": {"angle": 0, "axis": "x", "origin": [8, 6, 8]},
			"faces": {
				"down": {"uv": [0, 2, 16, 1], "rotation": 270, "texture": "#0", "cullface": "west"}
			}
		},
		{
			"from": [0, 13, 0],
			"to": [1, 13, 16],
			"rotation": {"angle": 0, "axis": "x", "origin": [8, 5, 8]},
			"faces": {
				"down": {"uv": [0, 3, 16, 2], "rotation": 270, "texture": "#0", "cullface": "west"}
			}
		},
		{
			"from": [0, 0, 14],
			"to": [1, 16, 14],
			"rotation": {"angle": 0, "axis": "y", "origin": [8, 8, 8]},
			"faces": {
				"north": {"uv": [1, 0, 0, 16], "texture": "#0", "cullface": "west"}
			}
		},
		{
			"from": [0, 0, 12],
			"to": [1, 16, 12],
			"rotation": {"angle": 0, "axis": "y", "origin": [8, 8, 8]},
			"faces": {
				"north": {"uv": [2, 0, 1, 16], "texture": "#0", "cullface": "west"}
			}
		},
		{
			"from": [0, 0, 3],
			"to": [1, 16, 3],
			"rotation": {"angle": 0, "axis": "y", "origin": [8, 8, 8]},
			"faces": {
				"south": {"uv": [14, 0, 13, 16], "texture": "#0", "cullface": "west"}
			}
		},
		{
			"from": [0, 0, 1],
			"to": [16, 16, 1],
			"rotation": {"angle": 0, "axis": "y", "origin": [8, 8, 8]},
			"faces": {
				"south": {"uv": [16, 0, 0, 16], "texture": "#0", "cullface": "north"}
			}
		},
		{
			"from": [0, 3, 0],
			"to": [16, 3, 1],
			"rotation": {"angle": 0, "axis": "y", "origin": [8, 11, 8]},
			"faces": {
				"up": {"uv": [16, 14, 0, 13], "texture": "#0", "cullface": "north"}
			}
		},
		{
			"from": [0, 2, 0],
			"to": [16, 2, 1],
			"rotation": {"angle": 0, "axis": "y", "origin": [8, 10, 8]},
			"faces": {
				"up": {"uv": [16, 15, 0, 14], "texture": "#0", "cullface": "north"}
			}
		},
		{
			"from": [0, 14, 0],
			"to": [16, 14, 1],
			"rotation": {"angle": 0, "axis": "y", "origin": [8, 6, 8]},
			"faces": {
				"down": {"uv": [0, 2, 16, 1], "rotation": 180, "texture": "#0", "cullface": "north"}
			}
		},
		{
			"from": [0, 13, 0],
			"to": [16, 13, 1],
			"rotation": {"angle": 0, "axis": "y", "origin": [8, 5, 8]},
			"faces": {
				"down": {"uv": [0, 3, 16, 2], "rotation": 180, "texture": "#0", "cullface": "north"}
			}
		},
		{
			"from": [2, 0, 0],
			"to": [2, 16, 1],
			"rotation": {"angle": 0, "axis": "y", "origin": [8, 8, 8]},
			"faces": {
				"east": {"uv": [1, 0, 0, 16], "texture": "#0", "cullface": "north"}
			}
		},
		{
			"from": [4, 0, 0],
			"to": [4, 16, 1],
			"rotation": {"angle": 0, "axis": "y", "origin": [8, 8, 8]},
			"faces": {
				"east": {"uv": [2, 0, 1, 16], "texture": "#0", "cullface": "north"}
			}
		},
		{
			"from": [13, 0, 0],
			"to": [13, 16, 1],
			"rotation": {"angle": 0, "axis": "y", "origin": [8, 8, 8]},
			"faces": {
				"west": {"uv": [14, 0, 13, 16], "texture": "#0", "cullface": "north"}
			}
		},
		{
			"from": [15, 0, 0],
			"to": [15, 16, 16],
			"rotation": {"angle": 0, "axis": "y", "origin": [8, 8, 8]},
			"faces": {
				"west": {"uv": [16, 0, 0, 16], "texture": "#0", "cullface": "west"}
			}
		},
		{
			"from": [15, 2, 0],
			"to": [16, 2, 16],
			"rotation": {"angle": 0, "axis": "y", "origin": [8, 10, 8]},
			"faces": {
				"up": {"uv": [16, 15, 0, 14], "rotation": 90, "texture": "#0", "cullface": "east"}
			}
		},
		{
			"from": [15, 3, 0],
			"to": [16, 3, 16],
			"rotation": {"angle": 0, "axis": "y", "origin": [8, 11, 8]},
			"faces": {
				"up": {"uv": [16, 14, 0, 13], "rotation": 90, "texture": "#0", "cullface": "east"}
			}
		},
		{
			"from": [15, 14, 0],
			"to": [16, 14, 16],
			"rotation": {"angle": 0, "axis": "y", "origin": [8, 6, 8]},
			"faces": {
				"down": {"uv": [0, 2, 16, 1], "rotation": 90, "texture": "#0", "cullface": "east"}
			}
		},
		{
			"from": [15, 13, 0],
			"to": [16, 13, 16],
			"rotation": {"angle": 0, "axis": "y", "origin": [8, 5, 8]},
			"faces": {
				"down": {"uv": [0, 3, 16, 2], "rotation": 90, "texture": "#0", "cullface": "east"}
			}
		},
		{
			"from": [15, 0, 2],
			"to": [16, 16, 2],
			"rotation": {"angle": 0, "axis": "y", "origin": [8, 8, 9]},
			"faces": {
				"south": {"uv": [1, 0, 0, 16], "texture": "#0", "cullface": "east"}
			}
		},
		{
			"from": [15, 0, 4],
			"to": [16, 16, 4],
			"rotation": {"angle": 0, "axis": "y", "origin": [8, 8, 11]},
			"faces": {
				"south": {"uv": [2, 0, 1, 16], "texture": "#0", "cullface": "east"}
			}
		},
		{
			"from": [15, 0, 13],
			"to": [16, 16, 13],
			"rotation": {"angle": 0, "axis": "y", "origin": [8, 8, 8]},
			"faces": {
				"north": {"uv": [14, 0, 13, 16], "texture": "#0", "cullface": "east"}
			}
		}
	],
	"groups": [
		{
			"name": "base",
			"origin": [8, 8, 8],
			"color": 0,
			"nbt": "{}",
			"children": [0, 1, 2]
		},
		{
			"name": "extra",
			"origin": [8, 8, 8],
			"color": 0,
			"nbt": "{}",
			"children": [
				{
					"name": "south",
					"origin": [24, 8, -8],
					"color": 0,
					"nbt": "{}",
					"children": [3, 4, 5, 6, 7, 8, 9, 10]
				},
				{
					"name": "west",
					"origin": [-8, 8, 24],
					"color": 0,
					"nbt": "{}",
					"children": [11, 12, 13, 14, 15, 16, 17, 18]
				},
				{
					"name": "north",
					"origin": [24, 8, -8],
					"color": 0,
					"nbt": "{}",
					"children": [19, 20, 21, 22, 23, 24, 25, 26]
				},
				{
					"name": "east",
					"origin": [-8, 8, 24],
					"color": 0,
					"nbt": "{}",
					"children": [27, 28, 29, 30, 31, 32, 33, 34]
				}
			]
		}
	]
}