{
	"credit": "Made with Blockbench",
	"parent": "block/block",
	"textures": {
		"down": "ae2:block/vibration_chamber_bottom",
		"north": "ae2:block/vibration_chamber_front",
		"south": "ae2:block/vibration_chamber_back",
		"up": "ae2:block/vibration_chamber_top",
		"west": "ae2:block/vibration_chamber"
	},
	"elements": [
		{
			"from": [0, 0, 0],
			"to": [16, 16, 16],
			"faces": {
				"north": {"uv": [0, 0, 16, 16], "texture": "#north", "cullface": "north"},
				"east": {"uv": [0, 0, 16, 16], "texture": "#west", "cullface": "east"},
				"south": {"uv": [0, 0, 16, 16], "texture": "#south", "cullface": "south"},
				"west": {"uv": [0, 0, 16, 16], "texture": "#west", "cullface": "west"},
				"up": {"uv": [0, 0, 16, 16], "texture": "#up", "cullface": "up"},
				"down": {"uv": [0, 0, 16, 16], "texture": "#down", "cullface": "down"}
			}
		}
	]
}